{"_wandb":{"runtime":173},"train_BinaryPrecision":1,"_runtime":153.163829,"_step":4,"val_loss":0.31877899169921875,"val_BinaryAccuracy":0.8489999771118164,"trainer/global_step":199,"val_BinaryRecall":0.7612060308456421,"train_BinaryRecall":0.6666666865348816,"_timestamp":1.727708493038903e+09,"epoch":0,"val_BinaryPrecision":0.9226571321487427,"train-loss":0.440273255109787,"train_BinaryF1Score":0.800000011920929,"train_BinaryAccuracy":0.8333333134651184,"val_BinaryF1Score":0.8200780749320984}