{"val_BinaryPrecision":-1.7823646522004109e+34,"trainer/global_step":99,"train-loss":0.12826354801654816,"train_BinaryF1Score":1,"epoch":0,"val_BinaryRecall":0.6737392544746399,"_timestamp":1.727707995072897e+09,"train_BinaryPrecision":1,"_runtime":107.818984,"val_BinaryF1Score":0.7534385323524475,"_wandb":{"runtime":128},"val-loss":0.3998616337776184,"train_BinaryRecall":1,"val_BinaryAccuracy":0.8075000047683716,"train_BinaryAccuracy":1,"_step":2}