{"val_BinaryAccuracy":0.9629999995231628,"train_BinaryPrecision":1,"_wandb":{"runtime":2040},"train_BinaryAccuracy":1,"trainer/global_step":3299,"_runtime":1983.312439,"train-loss":0.021610254421830177,"train_BinaryF1Score":1,"epoch":4,"val_loss":0.10282695293426514,"_step":76,"val_BinaryRecall":0.9819166660308838,"train_BinaryRecall":1,"_timestamp":1.727738630000584e+09,"val_BinaryF1Score":0.9591517448425293,"val_BinaryPrecision":0.9465429186820984}