{"val_BinaryF1Score":0.9384588003158569,"_runtime":2379.823543,"epoch":4,"val_BinaryPrecision":0.9351356625556946,"val_BinaryAccuracy":0.9449999928474426,"_timestamp":1.7277504394700952e+09,"train_BinaryAccuracy":1,"train_BinaryF1Score":1,"trainer/global_step":3299,"train_BinaryPrecision":1,"train_BinaryRecall":1,"_wandb":{"runtime":2439},"val_BinaryRecall":0.9502785801887512,"val_loss":0.14645938575267792,"train-loss":0.025681868195533752,"_step":76}