{"_timestamp":1.727713016739699e+09,"_wandb":{"runtime":1375},"train_BinaryRecall":1,"epoch":2,"_step":49,"_runtime":1333.783799,"val_BinaryPrecision":0.9015187621116638,"train_BinaryF1Score":1,"val_BinaryAccuracy":0.9359999895095825,"val_BinaryRecall":0.983364462852478,"trainer/global_step":1999,"train_BinaryAccuracy":1,"val_loss":0.15473932027816772,"train_BinaryPrecision":1,"train-loss":0.06852278858423233,"val_BinaryF1Score":0.9359327554702759}