{"val_loss":0.09694136679172516,"train_BinaryRecall":1,"_wandb":{"runtime":2117},"train-loss":0.0411168597638607,"_runtime":1990.382549,"_step":76,"train_BinaryAccuracy":1,"train_BinaryF1Score":1,"val_BinaryPrecision":0.9600618481636047,"_timestamp":1.7277205668980632e+09,"val_BinaryAccuracy":0.9649999737739563,"val_BinaryRecall":0.9716094732284546,"val_BinaryF1Score":0.9620051383972168,"train_BinaryPrecision":1,"trainer/global_step":3299,"epoch":4}