{"val_BinaryF1Score_epoch":0.9420223236083984,"val_BinaryPrecision_epoch":0.9666975140571594,"_step":1918,"train-loss":0.010201450437307358,"val_loss":0.13913927972316742,"val_BinaryRecall_epoch":0.9268761277198792,"val_BinaryPrecision_step":1,"_wandb":{"runtime":3865},"train_BinaryF1Score":0.9682331681251526,"val_BinaryAccuracy_step":1,"val_BinaryAccuracy_epoch":0.9509999752044678,"val_BinaryF1Score_step":1,"train_BinaryPrecision":0.9777669310569763,"val_BinaryRecall_step":1,"train_BinaryRecall":0.964580774307251,"trainer/global_step":3299,"train_BinaryAccuracy":0.9729694128036499,"epoch":4,"_timestamp":1.727898910373251e+09,"_runtime":3825.768664}