{"train_BinaryPrecision":1,"train_BinaryAccuracy":1,"_runtime":2437.42745,"train-loss":0.026282934471964836,"train_BinaryRecall":1,"val_loss":0.14114181697368622,"_wandb":{"runtime":2498},"train_BinaryF1Score":1,"epoch":4,"trainer/global_step":3299,"val_BinaryPrecision":0.9457499980926514,"val_BinaryF1Score":0.9409005045890808,"val_BinaryAccuracy":0.9490000009536743,"_step":76,"val_BinaryRecall":0.9445310235023499,"_timestamp":1.727829401345269e+09}