{"_step":76,"epoch":4,"train_BinaryF1Score":1,"val_BinaryPrecision":0.9456524848937988,"val_BinaryRecall":0.985454797744751,"train-loss":0.035333018749952316,"train_BinaryPrecision":1,"trainer/global_step":3299,"val_BinaryF1Score":0.9610298871994019,"val_BinaryAccuracy":0.9649999737739563,"_runtime":4062.873626,"train_BinaryRecall":1,"_timestamp":1.727725360312463e+09,"_wandb":{"runtime":4206},"train_BinaryAccuracy":1,"val_loss":0.10471237450838089}